﻿Entry_ID,Entry_Subject,Entry_Domain,Entry_ClientID,Entry_ProjectID,Entry_Created,Entry_Creator,Entry_LastModified,Entry_Modifier,Entry_Note,English_Def,English,Term_Info,Term_Example,German_Def,German,Term_Info,Term_Example
0,,,,,10/26/2015 4:32:22 PM,gabor,10/26/2015 4:32:22 PM,gabor,,,HanDeDict,CasePermissive;HalfPrefix,,,HanDeDict,CasePermissive;HalfPrefix,
1,,,,,10/26/2015 4:32:26 PM,gabor,10/26/2015 4:32:26 PM,gabor,,,HanDeDict @ Zydeo,CasePermissive;HalfPrefix,,,HanDeDict @ Zydeo,CasePermissive;HalfPrefix,
2,,,,,10/26/2015 4:46:46 PM,gabor,10/26/2015 4:46:46 PM,gabor,,,dictionary,CasePermissive;HalfPrefix,,,Wörterbuch,CasePermissive;HalfPrefix,
3,,,,,10/26/2015 4:54:39 PM,gabor,10/26/2015 4:54:39 PM,gabor,,,handwriting recognition,CasePermissive;HalfPrefix,,,Handschrifterkennung,CasePermissive;HalfPrefix,
4,,,,,10/26/2015 5:05:32 PM,gabor,10/26/2015 5:05:32 PM,gabor,,,Zydeo,CasePermissive;HalfPrefix,,,Zydeo,CasePermissive;HalfPrefix,
